,final_cumuret,hit_rate
BKNG,2.646674093,0.580645161
AVGO,1.734572292,0.612903226
KLAC,1.413220184,0.612903226
MKTX,1.365449287,0.580645161
TECH,1.354351709,0.548387097
WTW,1.311424063,0.548387097
AMGN,1.226185147,0.64516129
NFLX,1.528655999,0.548387097
TER,2.542641958,0.580645161
REGN,1.499196445,0.580645161
SBNY,1.547798971,0.548387097
NTRS,1.530895154,0.580645161
MTCH,1.40754449,0.64516129
CMCSA,1.396486943,0.612903226
UAL,1.242236077,0.612903226
BIIB,1.200829945,0.580645161
