{"A": -0.058078110218048096, "AAL": 0.3072700500488281, "AAP": 0.045207977294921875, "AAPL": 0.1261991262435913, "ABC": 0.02419877052307129, "ABMD": -0.036672770977020264, "ABT": 0.012738704681396484, "ACN": 0.12128269672393799, "ADBE": -0.001069188117980957, "ADI": -0.018438339233398438, "ADM": 0.055796265602111816, "ADP": 0.06156635284423828, "ADSK": -0.061473548412323, "AEE": 0.03014373779296875, "AEP": 0.01991283893585205, "AES": -0.014042377471923828, "AFL": -0.06974607706069946, "AIG": -0.01619809865951538, "AIZ": -0.005583345890045166, "AJG": 0.16414999961853027, "AKAM": -0.03802454471588135, "ALB": -0.04074501991271973, "ALGN": -0.02168595790863037, "ALK": -0.024254262447357178, "ALL": 0.008684873580932617, "AMAT": -0.06688851118087769, "AMD": 0.0016912221908569336, "AME": -0.0315241813659668, "AMGN": 0.06556820869445801, "AMP": 0.07679212093353271, "AMT": 0.020978212356567383, "AMZN": 0.048592448234558105, "ANSS": 0.030457615852355957, "AON": -0.10093939304351807, "AOS": -0.0512772798538208, "APA": 0.21063756942749023, "APD": -0.02485954761505127, "APH": 0.012215852737426758, "ARE": -0.06885915994644165, "ATO": 0.03900957107543945, "ATVI": -0.02626335620880127, "AVB": -0.06806671619415283, "AVGO": 0.2645907402038574, "AVY": 0.014317154884338379, "AWK": -0.11937785148620605, "AXP": 0.011291027069091797, "AZO": -0.032609522342681885, "BA": -0.09543240070343018, "BAC": 0.010621070861816406, "BALL": -0.0375325083732605, "BAX": -0.06452023983001709, "BBWI": -0.07542920112609863, "BBY": -0.13761359453201294, "BDX": -0.012387514114379883, "BEN": 0.0945899486541748, "BF-B": 0.017710328102111816, "BIIB": -0.0024588704109191895, "BIO": -0.0094338059425354, "BK": -0.02183091640472412, "BKNG": 0.017409324645996094, "BKR": 0.1942005157470703, "BLK": 0.033782243728637695, "BMY": 0.018302321434020996, "BR": 0.007551670074462891, "BRK-B": -0.000515282154083252, "BRO": 0.004908204078674316, "BSX": 0.005737900733947754, "BWA": 0.027757883071899414, "BXP": -0.06247222423553467, "C": 0.060924649238586426, "CAG": -0.018137097358703613, "CAH": -0.013375520706176758, "CAT": 0.017503976821899414, "CB": -0.0076181888580322266, "CBOE": 0.0035305023193359375, "CBRE": 0.014709830284118652, "CCI": -0.03901392221450806, "CCL": 0.07844555377960205, "CDNS": 0.03416764736175537, "CE": -0.06447762250900269, "CF": 0.025812745094299316, "CHD": 0.041785597801208496, "CHRW": -0.008246541023254395, "CHTR": -0.04444342851638794, "CI": 0.07446575164794922, "CINF": -0.020769476890563965, "CL": 0.002789020538330078, "CLX": -0.04470318555831909, "CMA": -0.1011996865272522, "CMCSA": 4.744529724121094e-05, "CME": 0.02551138401031494, "CMG": 0.03395497798919678, "CMI": -0.02030658721923828, "CMS": -0.011208057403564453, "CNC": 0.04847383499145508, "CNP": -0.026537299156188965, "COF": 0.016440868377685547, "COO": 0.025865554809570312, "COP": -0.026356875896453857, "COST": 0.04520213603973389, "CPB": 0.016217350959777832, "CPRT": -0.05423843860626221, "CPT": -0.06710946559906006, "CRL": -0.01573711633682251, "CRM": -0.02540457248687744, "CSCO": 0.0905991792678833, "CSGP": -0.020398318767547607, "CSX": 0.014835476875305176, "CTAS": 0.0312727689743042, "CTRA": 0.020344138145446777, "CTSH": 0.016483306884765625, "CVS": -0.0021249055862426758, "CVX": -0.020004749298095703, "D": 0.01179361343383789, "DAL": 0.006140589714050293, "DD": -0.05549442768096924, "DE": -0.028940439224243164, "DFS": 0.021533608436584473, "DG": -0.027722954750061035, "DGX": -0.020519137382507324, "DHI": 0.015973448753356934, "DHR": -0.04633587598800659, "DIS": -0.0541420578956604, "DISH": -0.10187649726867676, "DLR": -0.01561969518661499, "DLTR": 0.004931092262268066, "DOV": -0.032024383544921875, "DPZ": -0.08714711666107178, "DRI": -0.04863327741622925, "DTE": 0.030715107917785645, "DUK": 0.03583025932312012, "DVA": 0.018248677253723145, "DVN": -0.07412874698638916, "DXC": -0.17326301336288452, "DXCM": 0.09567713737487793, "EA": 0.0006622076034545898, "EBAY": -0.029445528984069824, "ECL": -0.08970338106155396, "ED": -0.04595142602920532, "EFX": 0.061287879943847656, "EIX": 0.01729440689086914, "EL": 0.006255030632019043, "ELV": 0.02948594093322754, "EMN": -0.023298025131225586, "EMR": 0.006841540336608887, "EOG": -0.030655503273010254, "EQIX": -0.0034807324409484863, "EQR": 0.04951488971710205, "EQT": -0.008165478706359863, "ES": -0.03582733869552612, "ESS": 0.023192882537841797, "ETN": -0.027133464813232422, "ETR": -0.006233870983123779, "EVRG": 0.03276717662811279, "EW": -0.05914783477783203, "EXC": -0.01019752025604248, "EXPD": 0.013369083404541016, "EXPE": 0.0004627704620361328, "EXR": 0.0510866641998291, "F": -0.05427747964859009, "FAST": -0.06939196586608887, "FCX": -0.011576831340789795, "FDS": -0.00999671220779419, "FDX": -0.010419011116027832, "FE": -0.011614024639129639, "FFIV": 0.009204983711242676, "FIS": -0.03309750556945801, "FISV": -0.007054328918457031, "FITB": 0.024636387825012207, "FLT": 0.0005604028701782227, "FMC": -0.042471110820770264, "FRC": 0.07422029972076416, "FRT": -0.07730412483215332, "FTNT": 0.005260825157165527, "GD": 0.014406085014343262, "GE": -0.100253164768219, "GILD": 0.01812756061553955, "GIS": 0.036397457122802734, "GL": -0.06418085098266602, "GLW": 0.03159022331237793, "GM": -0.053318798542022705, "GNRC": 0.033443331718444824, "GOOG": -0.03075343370437622, "GOOGL": -0.022353649139404297, "GPC": 0.1811971664428711, "GPN": -0.022201836109161377, "GRMN": -0.0550958514213562, "GS": 0.004364490509033203, "GWW": 0.02440512180328369, "HAL": 0.010050296783447266, "HAS": -0.02046024799346924, "HBAN": -0.01093977689743042, "HD": 0.09391617774963379, "HES": -0.1312296986579895, "HIG": -0.008628010749816895, "HOLX": -0.02832692861557007, "HON": -0.017965376377105713, "HPQ": -0.05022972822189331, "HRL": 0.05734598636627197, "HSIC": 0.014913439750671387, "HST": -0.01186835765838623, "HSY": -0.04085338115692139, "HUM": 0.08671009540557861, "IBM": -0.02414834499359131, "ICE": -0.013524532318115234, "IDXX": 0.01689779758453369, "IEX": 0.02231895923614502, "IFF": 0.007030129432678223, "ILMN": 0.017052531242370605, "INCY": -0.0386812686920166, "INTC": -0.06388306617736816, "INTU": -0.06704813241958618, "IP": -0.042765021324157715, "IPG": 0.011498570442199707, "IRM": 0.0841512680053711, "ISRG": -0.057022809982299805, "IT": 0.04264521598815918, "ITW": 0.006147623062133789, "IVZ": -0.016080915927886963, "J": 0.024982690811157227, "JBHT": -0.05688214302062988, "JCI": -0.031446754932403564, "JKHY": -0.08189254999160767, "JNJ": -0.009290695190429688, "JNPR": 0.033266425132751465, "JPM": -0.0502970814704895, "K": 0.028262734413146973, "KDP": 0.008178353309631348, "KEY": 0.04850327968597412, "KIM": 0.038653016090393066, "KLAC": -0.06802409887313843, "KMB": -0.04625105857849121, "KMX": -0.03026372194290161, "KO": -0.03922814130783081, "KR": 0.0591510534286499, "L": -0.025051891803741455, "LDOS": -0.059400856494903564, "LEN": 0.04228401184082031, "LH": -0.023794829845428467, "LHX": -0.07388335466384888, "LIN": 0.06044721603393555, "LKQ": -0.04836827516555786, "LLY": -0.005780696868896484, "LMT": 0.022845029830932617, "LNC": -0.1155967116355896, "LNT": 0.07922530174255371, "LOW": -0.035085976123809814, "LRCX": -0.06570899486541748, "LUMN": 0.021735668182373047, "LUV": 0.011557817459106445, "LVS": -0.007969498634338379, "LYB": 0.031064271926879883, "LYV": -0.03828364610671997, "MA": -0.047723472118377686, "MAA": 0.0014383792877197266, "MAR": -0.028798580169677734, "MAS": 0.0788426399230957, "MCD": 0.03608274459838867, "MCHP": 0.017745375633239746, "MCK": 0.017041325569152832, "MCO": -0.12756586074829102, "MDLZ": -0.0012578368186950684, "MDT": -0.05076104402542114, "MET": -0.016503572463989258, "MGM": 0.046974778175354004, "MHK": 0.14194929599761963, "MKC": 0.01813638210296631, "MKTX": -0.28516775369644165, "MLM": 0.04545128345489502, "MMC": 0.02021467685699463, "MMM": -0.02682971954345703, "MNST": 0.028429388999938965, "MO": 0.020306706428527832, "MOH": 0.07980668544769287, "MOS": 0.027423381805419922,